# Network Code,Network Name,Network Operator,Network Country (ISO & Name),Network Website,Deployment Country (if different)
A,'Generic Asian Strong Motion Network','European Project NERA','(IT) Italy','http://nera-eu.org/','Asia'
AA,'Anchorage Strong Motion Network','Geophysical Institute, University of Alaska, Fairbanks','(US) United States','http://www.gi.alaska.edu/',''
AB,'National Seismic Network of Azerbaijan','Republic Center of Seismic Survey, Azerbaijan','(AZ) Azerbaijan','http://www.seismology.az/',''
AC,'Albanian Seismological Network','Institute of Geosciences, Polytechnic University of Tirana','(AL) Albania','',''
AE,'Arizona Broadband Seismic Network','Arizona Geological Survey','(US) United States','http://www.azgs.az.gov/',''
AF,'Africa Array','Penn State University and the Council for Geoscience (S. Africa)','(US) United States','http://www.africaarray.psu.edu/',''
AG,'Arkansas Seismic Network','Arkansas Geological Survey','(US) United States','http://www.geology.ar.gov/',''
AH,'Arkhangelsk Seismic Network','Institute of Environmental Problems of the North UB RAS','(RU) Russian Federation','http://www.iepn.ru/',''
AI,'Antarctic Seismographic Argentinean Italian Network (ASAIN)','Istituto Nazionale di Oceanografia e di Geofisica Sperimentale and Instituto Antartico Argentino - IAA','(AR) Argentina','','Antarctica'
AK,'Alaska  Regional Network','USGS - Menlo Park, University of Alaska','(US) United States','http://www.aeic.alaska.edu/',''
AL,'Alaska Long Period Array','US Military','(US) United States','',''
AM,'Public Seismic Network','Various Countries','(US) United States','http://psn.quake.net/',''
AN,'Altay-Sayan Regional Seismic Network','Altay-Sayan Department of Geophysical Survey, Siberian Branch Russian Academy of Sciences','(RU) Russian Federation','',''
AO,'Arkansas Seismic Observatory','University of Arkansas at Little Rock','(US) United States','',''
AR,'Northern Arizona Network','Arizona Earthquake Information Center','(US) United States','http://www.cefns.nau.edu/Orgs/aeic/',''
AS,'Modified High Gain Long Period Observatory (ASRO)','USGS Albuquerque Seismological Laboratory','(US) United States','http://earthquake.usgs.gov/regional/asl/data/','Global'
AT,'Alaska Tsunami Warning Seismic System','National Tsunami Warning Center','(US) United States','http://ntwc.arh.noaa.gov/',''
AU,'Australian Seismological Centre','Australian Geological Survey','(AU) Australia','http://www.ga.gov.au/',''
AV,'Alaska Volcano Observatory','USGS - Anchorage, University of Alaska, Geophysical Institute','(US) United States','http://www.avo.alaska.edu/',''
AW,'AWI Network Antarctica','Alfred Wegener Institute for Polar and Marine Research','(DE) Germany','http://www.awi.de/en/research/research_divisions/geosciences/geophysics/geophysical_observatories_at_neumayer/seismology/','Antarctica'
AX,'Meteo Aruba','Departamento Meteorologico Aruba','(AW) Aruba','http://www.meteo.aw/',''
AY,'Haitian Seismic Network','Bureau of Mines and Energy, Delmas, Haiti','(HT) Haiti','',''
AZ,'ANZA Regional Network','University of California, San Diego - USGS Menlo Park','(US) United States','http://eqinfo.ucsd.edu/',''
BA,'UniBas','University della Basilicata','(IT) Italy','',''
BB,'Brunei Darussalam National Seismic Network','National Seismic Center of Brunei','(BN) Brunei Darussalam','http://www.pwd.gov.bn/','Brunei'
BC,'Red Sismica del Noroeste de Mexico (RESNOM)','CICESE, Ensenada, Mexico','(MX) Mexico','http://www.cicese.edu.mx/',''
BD,'Bakun Dam Micro-Seismic Monitoring Network','Sarawak Hidro SDN BHD, Kuala Lumpur','(MY) Malaysia','http://www.sarawak-hidro.com/',''
BE,'Belgian Seismic Network','Royal Observatory of Belgium','(BE) Belgium','http://www.astro.oma.be/',''
BF,'Black Forest Observatory','Universities of Karlsruhe and Stuttgart','(DE) Germany','',''
BG,'Berkeley Geysers Network','University of California, Berkeley','(US) United States','http://www.ucb.edu/',''
BH,'Bay Area Urban Hazards','Geological Hazards Team, USGS, Menlo Park, CA','(US) United States','http://www.usgs.gov/',''
BI,'University of Dhaka Seismographic Network','University of Dhaka','(BD) Bangladesh','http://www.univdhaka.edu/',''
BK,'Berkeley Digital Seismic Network (BDSN)','University of California, Berkeley, CA','(US) United States','http://seismo.berkeley.edu/bdsn/',''
BL,'Brazilian Lithospheric Seismic Project, BLSP','Universidade de Sao Paulo, USP','(BR) Brazil','',''
BN,'UK-Net, Blacknest Array','AWE, Reading, United Kingdom','(GB) United Kingdom','',''
BO,'Bosai-Ken Network','National Research Institute for Earth Science and Disaster Prevention (NIED)','(JP) Japan','http://www.bosai.go.jp/',''
BP,'Berkeley Parkfield High Resolution Seismic Network','University of California, Berkeley, CA','(US) United States','http://seismo.berkeley.edu/bdsn/hrsn_overview.html',''
BR,'University of Brasilia Seismic Network','University of Brasilia','(BR) Brazil','http://www.unb.br/',''
BS,'National Network of Bulgaria','Geophysical Institute, Bulgarian Academy of Sciences','(BG) Bulgaria','',''
BU,'Boise State University Seismic Network','Boise State University','(US) United States','http://www.boisestate.edu/',''
BW,'BayernNetz','Department of Earth and Environmental Sciences, Geophysical Observatory, University of Munchen','(DE) Germany','http://www.geophysik.uni-muenchen.de/',''
BX,'Botswana Seismological Network','Department of Geological Survey of Botswana','(BW) Botswana','http://www.geoscience.gov.bw/geos/',''
BY,'Baikal Digital Seismograph Network','Geophysical Service of Siberian Branch of Russian Academy Sciences','(RU) Russian Federation','http://www.gsras.ru/',''
C,'Chilean National Seismic Network','Universidad de Chile','(CL) Chile','http://www.uchile.cl/',''
C1,'Chilean National Seismic Network','Universidad de Chile ','(CL) Chile','http://www.sismologia.cl/',''
CA,'Catalan Seismic Network','Universitat de Barcelona','(ES) Spain','http://www.igc.cat/web/en/sismologia_xsis_vsat.html',''
CB,'China National Seismic Network','China Seismological Bureau, Institute of Geophysics, Beijing','(CN) China','',''
CC,'Cascade Chain Volcano Monitoring','USGS/Cascade Volcano Observatory','(US) United States','http://volcanoes.usgs.gov/observatories/cvo',''
CD,'China Digital Seismic Network (CDSN)','State Seismological Bureau, People's Republic of China','(CN) China','',''
CE,'California Strong Motion Instrumentation Program','California Division of Mines and Geology - Earthquake Engineering','(US) United States','',''
CF,'Red Acelerografica Nacional de la Comision Federal de Electricidad (CFE)','Comision Federal de Electricidad','(MX) Mexico','http://www.cfe.gob.mx/',''
CG,'Coso Microearthquake Network','Geothermal Program Office, US Navy, China Lake, CA','(US) United States','http://www.cnic.navy.mil/ChinaLake/',''
CH,'Switzerland  Seismological Network','Swiss Seismological Service','(CH) Switzerland','http://www.seismo.ethz.ch/',''
CI,'Southern California Seismic Network','California Institute of Technology / USGS - Pasadena','(US) United States','http://www.scsn.org/',''
CJ,'Community Seismic Network','California Institute of Technology, Seismo Lab, CA','(US) United States','http://csn.caltech.edu/',''
CK,'CAREMON Central Asian Cross-border network','GFZ, Potsdam','(DE) Germany','http://www.gesep.de/portal/gfz/Struktur/Departments/Department+2/sec21/projects/Central+Asia','Central Asia'
CL,'Corinth Riff Laboratory','INSU','(FR) France','',''
CM,'Red Sismologica Nacional de Colombia','INGEOMINAS','(CO) Colombia','http://www.ingeominas.gov.co/',''
CN,'Canadian National Seismic Network','Geological Survey of Canada','(CA) Canada','http://www.earthquakescanada.nrcan.gc.ca/stndon/CNSN-RNSC/',''
CO,'South Carolina Seismic Network','University of South Carolina, Columbia, SC','(US) United States','http://www.seis.sc.edu/projects/SCSN/',''
CP,'CIVISA Seismo-Volcanic Monitoring Network - Azores','University of Azores','(PT) Portugal','',''
CQ,'Cyprus Broadband Seismological Network','Cyprus Geological Survey Department','(CY) Cyprus','http://www.moa.gov.cy/gsd',''
CR,'Croatian Seismograph Network','Department of Geophysics, Faculty of Science, University of Zagreb','(HR) Croatia','http://www.gfz.hr/eng/seizmologija/nizvjestaj.php',''
CS,'Caucasus Network','Lamont-Doherty Earth Observatory, part of former IRIS JSP Program','(US) United States','','Russian Federation'
CT,'California Transect Network','University of California, Santa Cruz, CA','(US) United States','',''
CU,'Caribbean Network','United States Geological Survey','(US) United States','','Caribbean region'
CU,'CariUSGS Caribbean Network','USGS, Golden, CO','(US) United States','','Caribean'
CV,'VIGIL Network, Cape Verde Islands','Instituto Superior Tecnico, Lisbon','(PT) Portugal','http://www.ist.utl.pt/',''
CW,'Servicio Sismologico Nacional de Cuba (SSNC)','National Centre for Seismological Research (CENAIS) CUBA','(CU) Cuba','http://www.cenais.cu/',''
CX,'Plate Boundary Observatory Network Northern Chile','GeoForschungsZentrum Potsdam, Institute de Physique du Globe de Paris','(CL) Chile','',''
CY,'Grand Cayman','Cayman Islands Government','(KY) Cayman Islands','',''
CZ,'Czech Seismic Network','Geophysical Institute, Czech Academy of Sciences','(CZ) Czech Republic','http://www.ig.cas.cz/en/structure/observatories/czech-regional-seismological-network',''
D0,'Kamchatka network of seismic stations','Kamchatka Branch of Geophysical Survey of Russian Academy of Sciences','(RU) Russian Federation','http://www.emsd.ru/',''
DE,'Nanometrics Research Network','Nanometrics Seismological Instruments','(CA) Canada','http://www.nanometrics.ca/','Global'
DH,'DOHAD','DOHAD-The Research Association on Planateral Acitivities of Nature','(TR) Turkey','http://www.yerdurumu.org/',''
DK,'Danish Seismological Network','National Survey and Cadastre','(DK) Denmark','http://www.kms.dk/',''
DM,'Public Seismic Network - Dominica','Public Seismic Network','(DM) Dominica','http://dpsninc.org/',''
DN,'Dubai Seismological Network','Dubai Municipality','(AE) United Arab Emirates','http://www.seismo.geodesy.ae/',''
DO,'Dense Oceanfloor Network System for Earthquakes and Tsunamis','JAMSTEC, Department of Oceanfloor Network System Development for Earthquakes and Tsunami (DONET)','(JP) Japan','http://www.jamstec.go.jp/donet',''
DR,'Dominican Republic Seismic Network','Instituto Sismologico Universitario,  UASD','(DO) Dominican Republic','http://sismologicouasd.org/',''
DW,'Digital World-Wide Standardized Seismograph Network (DWWSSN)','USGS Albuquerque Seismological Laboratory','(US) United States','http://earthquake.usgs.gov/regional/asl/data/','Global'
DZ,'REALSAS','Research Center of Astronomy, Astrophysics & Geophysics (CRAAG)','(DZ) Algeria','http://www.craag.edu.dz/',''
E,'Rete ENEA','Agenzia Nazionale per le nuove tecnologie, l'energia e lo Sviluppo economico sostenibile','(IT) Italy','http://itaca.mi.ingv.it/',''
EA,'EARN','IRIS Education and Research Network (EARN)','(US) United States','',''
EB,'Ebre Observatory Regional Seismic Network','Observatori de l'Ebre, Tarragona','(ES) Spain','http://www.obsebre.es/',''
EC,'Ecuador Seismic Network','Instituto Geofisico, Quito','(EC) Ecuador','',''
ED,'French Educational Seismological Network','Sismos a l'Ecole, Geosciences Azur','(FR) France','http://www.edusismo.org/',''
EE,'Estonian Seismic Network','Geological Survey of Estonia','(EE) Estonia','http://vana.egk.ee/',''
EG,'EUROSEISTEST strong motion network','Aristotle University of Thessaloniki','(GR) Greece','http://euroseisdb.civil.auth.gr/',''
EH,'Ethiopian Seismic Network','Addis Ababa University','(ET) Ethiopia','',''
EI,'Irish National Seismic Network','Dublin Institute for Advanced Studies','(IE) Ireland','http://www.dias.ie/',''
EM,'Magnetotelluric Component of USArray/EarthScope','USArray/IRIS/EarthScope','(US) United States','',''
EM,'Electromagnetic Studies of the Continents (EMSOC)','EMSOC Consortium','(US) United States','http://vortex.ucr.edu/',''
EN,'CalEnergy Subnetwork','Sourthern California Seismic Network - Caltech/USGS','(US) United States','',''
EP,'UTEP Seismic Network','University of Texas, El Paso, TX','(US) United States','http://academics.utep.edu/default.aspx?tabid=35965',''
EQ,'Nevada Educational Seismic Network','University of Nevada at Reno, Reno, NV','(US) United States','',''
ER,'Mount Erebus Volcano Observatory Network','New Mexico Institute of Mining and Technology, NM','(US) United States','http://erebus.nmt.edu/','Antartica'
ES,'Spanish Digital Seismic Network','Subdireccion General de Geodesia Y Geofisica, Instituto Geografico Nacional','(ES) Spain','http://www.ign.es/',''
ET,'CERI Southern Appalachian Seismic Network','University of Memphis, Memphis, TN','(US) United States','http://www.ceri.memphis.edu/',''
EU,'Generic European Strong Motion Network','Various European operators','(IT) Italy','http://www.nera-eu.org/','Europe'
EV,'Edison Collalto Seismometric Network','Istituto Nazionale di Oceanografia e di Geofisica Sperimentale (OGS)','(IT) Italy','http://rete-collalto.crs.inogs.it/',''
EX,'EXTREMA Network','Istituto Nazionale di Geofisica, Rome','(IT) Italy','http://www.ingv.it/',''
FA,'UCLA Seismic Network','University of California, Los Angeles, CA','(US) United States','',''
FB,'Seismic Network of Federation of Bosnia and Herzegovina','Federal Hydrometeorological Institute of Bosnia and Herzegovina','(BA) Bosnia and Herzegovina','http://www.fbihvlada.gov.ba/',''
FC,'Generic African Strong Motion Network','European Project NERA','(IT) Italy','http://nera-eu.org/','Africa'
FG,'Fallon Microearthquake Network','Geothermal Program Office, US Navy, China Lake, CA','(US) United States','',''
FN,'Northen Finland Seismological Network','Sodankyyla Geophysical Observatory/Oulu Unit, University of Oulu','(FI) Finland','http://www.oulu.fi/sgo-oty/',''
FR,'French Broadband Seismological Network','ReNaSS Strasbourg, INSU/CNRS Paris','(FR) France','',''
FV,'Friuli Veneto Short Period Network','Istituto Nazionale di Oceanografia e di Geofisica Sperimentale (OGS)','(IT) Italy','http://www.ogs.trieste.it/',''
G,'GEOSCOPE','Institut de Physique du Globe de Paris','(FR) France','http://geoscope.ipgp.fr/','Global'
GA,'GAMNET Seismic Network','Science and Technology Agency, Tskuba','(JP) Japan','',''
GB,'Great Britain Seismograph Network','British Geological Survey','(GB) United Kingdom','http://www.bgs.ac.uk/',''
GC,'UCLA Geonet Network','University of California, Los Angeles, CA','(US) United States','http://lecs.cs.ucla.edu/wiki/index.php/GeoNet',''
GD,'Global Postioning System Displacement Data','Various (maintained by IRIS DMC)','(US) United States','','Global '
GE,'GEOFON','GEOForschungsNetz (Geo Research Network)','(DE) Germany','http://geofon.gfz-potsdam.de/','Global'
GF,'GONAF','GFZ German Research Centre for Geosciences, Potsdam','(DE) Germany','http://www.gonaf.de/','Turkey'
GG,'GreenLand Ice Sheet Network (GLISN)','Multiple Opertors in Europe and N. America','(US) United States','http://glisn.info/','Greenland'
GH,'Ghana Digital Seismic Network','Ghana Geological Survey','(GH) Ghana','',''
GI,'Red Sismológica Nacional of Guatemala','INSIVUMEH','(GT) Guatemala','http://www.insivumeh.gob.gt/',''
GL,'Volcanologic Seismologic Observatory Network of Guadeloupe, OVSG','OVSG, Institut de Physique du Globe de Paris','(FR) France','http://www.ipgp.fr/pages/03030409.php','Guadeloupe, Lesser Antilles, Caribbean'
GN,'Garni Dense Array','USGS - Menlo Park','(US) United States','http://nsmp.wr.usgs.gov/geos/GARNI/garni.html','Armenia'
GO,'National Seismic Network of Georgia','Seismic Monitoring Centre of Georgia, Ilia State University','(GE) Georgia','',''
GP,'GPS Data Products for Solid Earth Science','Southern California Integrated GPS Network (SCIGN)','(US) United States','http://www.scign.org/',''
GR,'German Regional Seismic Network','Central Seismological Observatory, Erlangen','(DE) Germany','',''
GS,'US Geological Survey Networks','USGS National Earthquake Information Center','(US) United States','','Global'
GT,'Global Telemetered Southern Hemisphere Network','USGS Albuquerque Seismological Laboratory','(US) United States','http://earthquake.usgs.gov/regional/asl/data/','Global'
GU,'Regional Seismic Network of North-western Italy (RSNI)','University of Genoa','(IT) Italy','http://www.dipteris.unige.it/geofisica/',''
GY,'Geyokcha Array, Turkmenistan','Part of former IRIS/JSP Program, UCSD','(US) United States','','Turkmenistan'
H2,'Hawaii 2 Observatory','University of Hawaii, HI','(US) United States','http://www.soest.hawaii.edu/H2O/',''
HA,'Athenet Broadband Seismological Network','Seismological Laboratory - University of Athens','(GR) Greece','',''
HC,'Seismological Network of Crete - Laboratory Geophysics & Seismology','Technological Educational Institute of Crete','(GR) Greece','https://www.chania.teicrete.gr/department-of-natural-resources-a-enviroment-en/organization-en/332-lab-earthquake-en',''
HE,'Finnish National Seismic Network (HEL)','University of Helsinki, Suomi','(FI) Finland','',''
HF,'Swedish Seismic Array Network','The Swedish Defence Research Agency (FOI)','(SE) Sweden','http://snsn.geofys.uu.se/',''
HG,'High-Gain Long Period Network (HGLP)','USGS Albuquerque Seismological Laboratory','(US) United States','http://earthquake.usgs.gov/regional/asl/data/',''
HI,'ITSAK Strong Motion Network','ITSAK, Thessaloniki','(GR) Greece','',''
HK,'Hong Kong Seismograph Network','Hong Kong Observatory','(HK) Hong Kong','http://www.hko.gov.hk/gts/equake/sp_seismo_network_intro_e.htm',''
HL,'National Observatory of Athens Digital Broadband Network','National Observatory of Athens, Institute of Geodynamics, Athens','(GR) Greece','',''
HM,'GeoRisk Seismic Network','GeoRisk','(HU) Hungary','http://www.foldrenges.hu/',''
HP,'University of Patras, Seismological Laboratory','University of Patras','(GR) Greece','http://seismo.geology.upatras.gr/',''
HS,'Hessischer Erdbebendienst (HED)','Hessisches Landesamt für Umwelt und Geologie, Wiesbaden','(DE) Germany','http://www.hlug.de/',''
HT,'Aristotle University of Thessaloniki Seismological Network','Geophysical Laboratory, University of Thessaloniki','(GR) Greece','',''
HU,'Hungarian Seismological Network','Geodetic and Geophysical Reesearch Institute of Hungary','(HU) Hungary','http://www.seismology.hu/index.php/en/observatory/stations/51-the-hungarian-national-seismological-network',''
HV,'Hawaiian Volcano Observatory Network','Hawaiian Volcano Observatory, HI','(US) United States','http://hvo.wr.usgs.gov/',''
HW,'Hanford Washington Seismic Network','Pacific Northwest National Laboratory','(US) United States','http://www.pnnl.gov/',''
I1,'Iranian Strong Motion Network','BHRC','(IR) Iran, Islamic Republic of','http://www.bhrc.ac.ir/portal/Default.aspx?tabid=635',''
I2,'Iranian National Broadband Seismic Network','Internationa Institute of Earthquake Engineering and Seismology','(IR) Iran, Islamic Republic of','http://www.iiees.ac.ir/',''
IA,'InaTEWS Indonesia Tsunami Early Warning System','Agency for Meteorology Climatology and Geophysics (BMKG)','(ID) Indonesia','http://www.bmkg.go.id/bmkg_pusat/Depan_EN.bmkg',''
IB,'IberArray','Institute of Earth Sciences, Barcelona','(ES) Spain','http://iberarray.ictja.csic.es/',''
IC,'IRIS  China Digital Seismic Network','USGS Albuquerque Seismological Laboratory','(US) United States','http://earthquake.usgs.gov/regional/asl/data/','China'
ID,'Project IDA University of California, LaCoste Romberg Gravimeter','Scripps Institution of Oceanography','(US) United States','http://ida.ucsd.edu/','Global'
IE,'INL Seismic Network','Idaho National Engineering Laboratory','(US) United States','https://inlportal.inl.gov/portal/server.pt/community/inl_seismic_monitoring_program/441/inl_earthquake_catalog',''
IG,'Southern Spain Broad Band Seismic Network','Instituto Andaluz de Geofisica, Granada University','(ES) Spain','http://www.ugr.es/~iag/',''
IH,'Red Sismica Dominicana del INDRHI','Instituto Nacional de Recursos Hidraulicos (INDRHI)','(DM) Dominica','http://www.indrhi.gov.do/',''
II,'IRIS/IDA Network','Scripps Institution of Oceanography, UC San Diego, CA','(US) United States','http://ida.ucsd.edu/','Global'
IK,'IISERK Seismic Network','Indian Institute of Science Education and Research Kolkata','(IN) India','http://www.iiserkol.ac.in/',''
IL,'ILPA','Institute of Geophysics, University of  Tehran','(IR) Iran, Islamic Republic of','http://irsc.ut.ac.ir/istn.php',''
IM,'International-Miscellaneous Stations','(This network code is used for International Networks that have not applied for a specific network code)','(US) United States','','Global'
IN,'National Seismic Network of India','Indian Meteorological Department','(IN) India','http://www.imd.gov.in/',''
IP,'Instituto Superior Tecnico Broadband Seismic Network','Instituto Superior Tecnico, Lisbon','(PT) Portugal','http://www.ist.utl.pt/',''
IQ,'Iquique Local Network (ILN)','Institute of Geophysics, University of Kiel','(DE) Germany','http://www.ipoc-network.org/index.php/observatory/seismology/iquique-local-network.html','Chile'
IR,'RESERVED FOR THE INTERNATIONAL REGISTRY','Contact is USGS/NEIC and the International Seismological Centre','(GB) United Kingdom','',''
IS,'Israel National Seismic Network','Geophysical Institute of Israel','(IL) Israel','http://www.gii.co.il/',''
IT,'Italian Strong Motion Network','Ufficio Servizio Sismico Nazionale','(IT) Italy','http://www.protezionecivile.gov.it/jcms/it/ufficio_3.wp',''
IU,'IRIS/USGS Global Seismograph Network (GSN)','USGS Albuquerque Seismological Laboratory','(US) United States','http://earthquake.usgs.gov/monitoring/gsn/','Global'
IV,'Italian National Seismic Network','Istituto Nazionale di Geofisica e Vulcanologia, Rome','(IT) Italy','http://terremoti.ingv.it/',''
IW,'Intermountain West Seismic Network','United States Geological Survey (USGS)/Advanced National Seismic Network (ANSS)','(US) United States','http://earthquake.usgs.gov/monitoring/anss/regions/imw/',''
IX,'ISNet - Irpinia Seismic Network','AMRA - Università di Napoli','(IT) Italy','http://isnet.fisica.unina.it/',''
IZ,'I.E.S.N. Italian Experimental Seismic Network',' I.E.S.N. Italian Experimental Seismic Network, Osimo','(IT) Italy','http://www.iesn.org/',''
JA,'Red Sísmica y Acelerométrica de Jalisco','Centro de Sismología y Volcanología de Occidente, Universidad de Guadalajara','(MX) Mexico','',''
JI,'JorHat India Seismic Network','North East Institute of Science and Technology, Jorhat, Assam','(IN) India','http://www.rrljorhat.res.in/welcome.php',''
JM,'Jamaica Seismograph Network','University of the West Indies, Mona','(JM) Jamaica','http://www.mona.uwi.edu/earthquake/jamseisnet.htm',''
JP,'Japan Meteorological Agency Seismic Network','Japan Meteorological Agency Seismic, Tokyo','(JP) Japan','http://www.jma.go.jp/en/quake/',''
JS,'Jordan Seismic Network','Jordan Seismological Observatory & Geophysical Studies','(JO) Jordan','http://www.nra.gov.jo/',''
KA,'Karthala Volcano Monitoring Network','Centre National de Documentation et de Recherche Scientifique (CNDRS) des Comores','(FR) France','http://www.cndrs-comores.org/','Comoros'
KB,'Karlsruhe BroadBand Array (KABBA)','Karlsruhe Institute of Technology','(DE) Germany','http://www.gpi.kit.edu/english/KABBA.php','Global'
KC,'Central Asian Seismic Network of CAIAG','Central Asian Institute for Applied Geosciences','(KG) Kyrgyzstan','http://www.caiag.kg/','Central Asia'
KG,'Korean Seismic Network (KIGAM)','Korean Institute of Geology, Mining and Materials (KIGAM)','(KR) Korea, Republic of','http://www.kigam.re.kr/',''
KI,'Kandilli Observatory Strong Motion Network ','Bogaziçi University Kandilli Observatory and Earthquake Research Institute, Istanbul','(TR) Turkey','http://www.koeri.boun.edu.tr/',''
KK,'Ọbáfémi Awólówò University Digital Seismograph Network','Geology Department, Ọbáfémi Awólówò University, Ilé-Ifè, Osun State, Nigeria','(NG) Nigeria','http://gly.oauife.edu.ng/',''
KN,'Kyrgyz Telemetered Network','IVTAN/KIS, Bishkek','(KG) Kyrgyzstan','',''
KO,'Kandilli Observatory','Bogaziçi University Kandilli Observatory and Earthquake Research Institute, Istanbul','(TR) Turkey','http://www.koeri.boun.edu.tr/eew/',''
KP,'Korea Polar Seismic Network','Korea Polar Research Institute','(KR) Korea, Republic of','http://www.kopri.re.kr/','Greenland'
KR,'Kyrgyz Digital Network (KRNET)','Institute of Seismology, National Academy of Sciences of Kyrgyz Republic (KIS)','(KG) Kyrgyzstan','http://www.seismo.kg/',''
KS,'Korea National Seismography Network (KNSN-KMA)','Korea Meteorological Administration, Seoul','(KR) Korea, Republic of','http://web.kma.go.kr/eng/index.jsp',''
KU,'King Saud University Network','King Saud University','(SA) Saudi Arabia','http://www.ksu.edu.sa/',''
KW,'Kuwait National Seismic Network (KNSN)','Kuwait Institute for Scientific Research (KISR), Safat','(KW) Kuwait','http://www.kisr.edu.kw/',''
KY,'Kentucky Seismic and Strong Motion Network','Kentucky Geological Survey, Lexington, KY','(US) United States','http://www.uky.edu/KGS',''
KZ,'Kazakhstan Network','Kazakh National Data Center, Almaty','(KZ) Kazakhstan','http://www.kazntu.kz/en',''
LA,'Los Angeles Basin Seismic Network','University of Southern California (USC), CA','(US) United States','',''
LB,'Leo Brady Network','Sandia National Laboratory','(US) United States','',''
LC,'LSC (Laboratorio Subterraneo Canfranc) ','ICTJA-CSIC, LSC Sole Sabaris sn, Barcelona','(ES) Spain','http://www.lsc-canfranc.es/en/experiments/current-experiments/geosciences.html','Spain'
LD,'Lamont-Doherty Cooperative Seismographic Network (LCSN)','Lamont-Doherty Earth Observatory of Columbia University','(US) United States','http://www.ldeo.columbia.edu/LCSN/',''
LE,'Landeserdbebendienst Baden-Wuerttemberg','Landesamt fuer Geologie, Rohstoffe und Bergbau','(DE) Germany','http://www.lgrb.uni-freiburg.de/lgrb/Fachbereiche/erdbebendienst',''
LI,'Laser Interferometer Gravitational-Wave experiment (LIGO)','Caltech/USGS, Southern California Seismic Network','(US) United States','http://www.ligo.caltech.edu/',''
LL,'LLNL NTS Network','Lawrence Livermore National Laboratory','(US) United States','',''
LN,'Los Alamos Seismograph Network (LASN)','Los Alamos National Laboratory','(US) United States','http://www.ees.lanl.gov/ees11/geophysics/lasn/lasn.shtml',''
LO,'Observatorio Sismologico Loyola','Instituto Politecnico Loyola','(DO) Dominican Republic','',''
LS,'Large Aperture Seismic Array (LASA)','Lincoln Laboratory, Massachusetts Institute of Technology, Lexington, MA','(US) United States','',''
LX,'University of Lisbon Seismic Network','Instituto Geofísico/ Centro de Geofísica da Universidade de Lisboa','(PT) Portugal','http://idl.ul.pt/',''
MA,'Macedonia Seismological Network (SORM)','Seismological Observatory, Skopje','(MK) Macedonia, The Former Yugoslav Republic of','',''
MB,'Montana Regional Seismic Network','Montana Bureau of Mines and Geology, Butte, MT','(US) United States','http://mbmgquake.mtech.edu/',''
MC,'Montserrat CALIPSO Borehole Network','University of Texas, Arlington, TX','(US) United States','http://www.uta.edu/faculty/mattioli/research/CALIPSO/Intro.html','Montserrat'
MD,'Moldova Digital Seismic Network','Geological and Seismological Institute of Moldova','(MD) Moldova','',''
ME,'Montenegro Seismological Observatory','Montenegro Seismological Observatory','(ME) Montenegro','http://www.seismo.co.me/',''
MG,'Seismic Network of the NorthEastern Mexico','Centro de Geociencias, UNAM Queretaro','(MX) Mexico','http://www.geociencias.unam.mx/',''
MI,'Northern Mariana Islands Seismograph Network','Scripps Institution of Oceanography and Commonwealth  of the Northern Mariana Island Emergency Management Office','(US) United States','','Northern Mariana Islands'
ML,'Malta Seismic Network','Seismic Monitoring and Research Unit (SMRU), University of Malta','(MT) Malta','http://seismic.research.um.edu.mt/',''
MN,'Mediterrean Network (MedNet)','Istituto Nazionale di Geofisica e Vulcanologia (INGV)','(IT) Italy','http://mednet.rm.ingv.it/','Mediterrean Sea region'
MO,'Morocco Seismic Network','Institut National de Géophysique (CNRST), Rabat','(MA) Morocco','http://www.cnr.ac.ma/',''
MQ,'Reseau sismique de la Martinique','L'Observatoire de la Martinique (OVSM), Institut de Physique du Globe de Paris','(FR) France','http://www.ipgp.fr/pages/030303.php','Martinique'
MR,'Mauritius Seismic Network','Mauritius Meteorological Services','(MU) Mauritius','http://metservice.intnet.mu/',''
MS,'Singapore Seismological Network','Meteorological Service of Singapore','(SG) Singapore','http://www.weather.gov.sg/',''
MT,'Observatory for Multidisciplinary monitoring of Instability of Versant','Laboratoire de Géophysique Interne et Tectonophysique (LGIT), Observatoire des Sciences de l'Univers de Grenoble (OSUG), University of Grenoble','(FR) France','http://www.fosfore.ipgp.fr/en/centre_lgit.php',''
MU,'Miami University Seismic Network','Miami University, Miami, FL','(US) United States','',''
MV,'Montserrat Volcano Observatory','Montserrat Volcano Observatory','(MS) Montserrat','http://www.mvo.ms/',''
MW,'LILMW (Lilongwe) Malawi National Seismic Network','Geological Survey of Malawi','(MW) Malawi','',''
MX,'Mexican National Seismic Network','Universidad Nacional Autónoma de México (UNAM), Mexico City, D.F.','(MX) Mexico','http://www.unam.mx/',''
MY,'Malaysian National Seismic Network','Malaysian Meteorological Service','(MY) Malaysia','http://www.met.gov.my/',''
N4,'Central and Eastern US Network','EarthScope USArray (IRIS)','(US) United States','http://ceusn.ucsd.edu/',''
NA,'Netherlands Antilles Seismic Network','Koninklijk Nederlands Meteorologisch Instituut (KNMI)/Meteorological Service of the Netherlands Antilles and Aruba (MDNAA)','(AN) Netherlands Antilles','',''
NB,'Northeastern Brazil UFRN','Universidade Federal do Rio Grande do Norte','(BR) Brazil','http://www.sistemas.ufrn.br/',''
NC,'USGS Northern California Regional Network','United States Geological Survey, Menlo Park, CA','(US) United States','http://www.ncedc.org/ncsn/',''
ND,'New CaleDonia Broadband Seismic Network','Centre IRD de Noumea, Nouvelle-Caladonie','(NC) New Caledonia','http://nouvelle-caledonie.ird.fr/',''
NE,'New England Seismic Network','MIT and Boston College','(US) United States','http://aki.bc.edu/nesn.htm',''
NF,'North Fork Valley (NFV) Seismic Network','National Institute for Occupational Safety and Health (NIOSH)/Spokane Research Laboratory (SRL)','(US) United States','',''
NG,'Reserved for Papua New Guinea Seismic Network','Unknown','(PG) Papua New Guinea','',''
NI,'North-East Italy Broadband Network','Istituto Nazionale di Oceanografia e di Geofisica Sperimentale (OGS), University of Trieste, Udine, Trieste','(IT) Italy','http://www.ogs.trieste.it/content/CRS',''
NJ,'NIGERIAN NATIONAL NETWORK OF SEISMOGRAPHIC STATIONS (NNNSS)','CENTER FOR GEODESY AND GEODYNAMICS','(NG) Nigeria','http://www.nasrda-CCG.net/',''
NL,'Netherlands Seismic Network','Koninklijk Nederlands Meteorologisch Instituut (KNMI) (Royal Netherlands Meteorological Institute)','(NL) Netherlands','http://www.knmi.nl/research/seismology/nat_seism_network.html',''
NM,'Cooperative New Madrid Seismic Network','St. Louis University/Memphis State','(US) United States','http://www.eas.slu.edu/eqc/eqcnetwork.html',''
NN,'Western Great Basin/Eastern Sierra Nevada','Nevada Seismological Laboratory, University of Nevada, Reno, Nevada','(US) United States','http://www.seismo.unr.edu/',''
NO,'Norwegian Seismic Array Network','Norwegian Seismic Array (NORSAR)','(NO) Norway','http://www.norsar.no/',''
NP,'United States National Strong-Motion Network','United States Geological Survey (USGS) National Strong-Motion Program','(US) United States','http://nsmp.wr.usgs.gov/',''
NQ,'NetQuakes','United States Geological Survey (USGS), Menlo Park, CA','(US) United States','http://earthquake.usgs.gov/monitoring/netquakes/',''
NR,'NARS Array','Centro de Investigación Científica y de Educación Superior de Ensenada (CICESE)/University of Utrecht','(NL) Netherlands','http://www.data.scec.org/NARS-Baja/','Mexico'
NS,'Norwegian National Seismic Network','University of Bergen','(NO) Norway','http://www.geo.uib.no/seismo/nnsn/',''
NT,'USGS Geomagnetism Program, NanoTesla Network','United States Geological Survey (USGS) - Denver Federal Center','(US) United States','http://geomag.usgs.gov/',''
NU,'Nicaraguan Seismic Network','INETER, Frente a la Policlinica Oriental, Managua, Managua 1','(NI) Nicaragua','',''
NV,'NEPTUNE Canada','Geological Survey of Canada, U. of Victoria, Victoria, British Columbia','(CA) Canada','http://www.neptunecanada.com/',''
NW,'Northwestern University Seismic Network','Northwestern University','(US) United States','http://www.earth.northwestern.edu/',''
NY,'Yukon-Northwest Seismic Network (YNSN)','Nanometrics Inc ','(CA) Canada','',''
NZ,'New Zealand National Seismograph Network','Institute of Geological & Nuclear Sciences, Wellington','(NZ) New Zealand','http://info.geonet.org.nz/display/equip/New+Zealand+National+Seismograph+Network',''
OB,'Osservatorio Sismico "A. Bina"','Osservatorio Sismico "A. Bina", Perugia','(IT) Italy','http://www.binapg.it/',''
OE,'Austrian Seismic Network','ZAMG - Central Institute for Meteorology and Geodynamics','(AT) Austria','http://www.zamg.ac.at/cms/de/geophysik/erdbeben/aktuelle-erdbeben/karten-und-listen',''
OG,'Sismalp','Observatoire de Grenoble, Grenoble','(FR) France','http://sismalp.obs.ujf-grenoble.fr/',''
OH,'Ohio Seismic Network (OhioSeis)','Ohio Geological Survey, Ohio','(US) United States','http://www.dnr.state.oh.us/tabid/8144/Default.aspx',''
OK,'Oklahoma Seismic Network','Oklahoma Geological Survey, OK','(US) United States','http://www.okgeosurvey1.gov/pages/seismic-stations.php',''
OM,'Earthquake Monitoring Program of Oman (EMPO)','Earthquake Centre, Sultan Qaboos University','(OM) Oman','http://www.squ.edu.om/emc',''
ON,'Rede Sismográfica do Sul e do Sudeste (RSIS)','Observatório Nacional, Rio de Janeiro, RJ','(BR) Brazil','http://www.on.br/conteudo/modelo.php?endereco=coge/projetos/coleta_dados.html',''
OO,'Ocean Observatories Initiative','OOI','(US) United States','http://www.oceanobservatories.org/','Global'
OS,'Seismological Observatory, Brasilia','Observatório Sismológico (OBSIS), Universidade de Brasilia, Brasilia','(BR) Brazil','http://www.obsis.unb.br/',''
OV,'Observatorio Vulcanológico y Sismológico de Costa Rica','OVSICORI-UNA, Universidad Nacional','(CR) Costa Rica','http://www.ovsicori.una.ac.cr/',''
PA,'CHIRNET','Observatorio Sismico del Occidente de Panamá (OSOP)','(PA) Panama','http://www.osop.com.pa/',''
PB,'Plate Boundary Observatory Borehole Seismic Network','EarthScope Project, UNAVCO','(US) United States','http://www.unavco.org/',''
PC,'Panama Canal Network','Autoridad del Canal de Panama','(PA) Panama','http://www.pancanal.com/',''
PD,'Polish Seismic Monitoring Network','Section of Seismic Monitoring, Institute of Geophysics, Polish Academy of Sciences','(PL) Poland','http://www.igf.edu.pl/en/monitoring_geofizyczny/monitoring_sejsmiczny_polski',''
PE,'Penn State Network','Penn State University','(US) United States','http://eqseis.geosc.psu.edu/',''
PF,'Volcanologic Network of Piton de la Fournaise (OVPF)','OVPF, Institut de Physique du Globe de Paris','(FR) France','http://www.ipgp.fr/pages/030308.php','Reunion'
PG,'Central Coast Seismic Network, PG&E','Pacific Gas and Electric','(US) United States','http://ncedc.org/pge/',''
PH,'Puna Geothermal Network','Duke University in Puna, Hawaii','(US) United States','',''
PI,'PASSCAL Instrument Center(s)','IRIS/PASSCAL','(US) United States','http://www.passcal.nmt.edu/',''
PK,'Micro Seismic Monitoring System of Northern Areas in Pakistan','Directorate of Seismic Studies, Tarbela Dam, Punjab','(PK) Pakistan','',''
PL,'Polish Seismological Network','Institute of Geophysics, Polish Academy of Sciences, Warsaw','(PL) Poland','http://www.igf.edu.pl/pl/zaklady_naukowe/sejsmologii_i_fizyki_wnetrza_ziemi/stacje_i_obserwatoria_sejsmologiczne',''
PM,'Portuguese National Seismograph Network','Instituto de Meteorologia, Lisbon','(PT) Portugal','http://www.meteo.pt/en/sismologia/redes/',''
PN,'PEPP-Indiana','Princeton Earth Physics Project (PEPP), Indiana University, Bloomington, IN','(US) United States','http://www.indiana.edu/~pepp/',''
PO,'Portable Observatories for Lithospheric Analysis and Research Investigating Seismicity (POLARIS)','Geological Survey of Canada and Canadian Universities','(CA) Canada','http://www.polarisnet.ca/network/polaris-network-locations.html',''
PP,'PEPP - Princeton Earth Physics Program','Princeton University','(US) United States','',''
PR,'Puerto Rico Seismic Network (PRSN) and Puerto Rico Strong Motion Program (PRSMP)','University of Puerto Rico, Mayaguez','(PR) Puerto Rico','http://redsismica.uprm.edu/',''
PS,'POSEIDON (Now the Pacific -21 Network)','Earthquake Research Institute, University of Tokyo, Tokyo','(JP) Japan','http://www.eri.u-tokyo.ac.jp/',''
PT,'Pacific Tsunami Warning Seismic System','Pacific Tsunami Warning Center, Ewa Beach, HI','(US) United States','http://ptwc.weather.gov/',''
PU,'INGEMMET Seismic Network','Instituto Geologico Minero Y Metalurgico, Lima','(PE) Peru','http://www.ingemmet.gob.pe/',''
PV,'Philippine Seismic Network','Philippine Institute of Volcanology and Seismology, Quezon City','(PH) Philippines','http://www.phivolcs.dost.gov.ph/',''
PX,'Parkfield Experiment Array','Duke University and United States Geological Survey (USGS) - Menlo Park, CA','(US) United States','',''
PY,'Pinyon Flats Observatory (PFO) Array','Array Network Facility, U. of California San Diego','(US) United States','http://eqinfo.ucsd.edu/',''
PZ,'Prince Islands Real-time Earthquake monitoring System (PIRES)','GFZ, German Research Centre for Geosciences, Potsdam','(DE) Germany','','Turkey'
QA,'Qatar Seismic Network','Qatar Civil Aviation Authority','(QA) Qatar','http://www.caa.gov.qa/en/meteorology',''
QC,'Quake Catcher Network','Stanford University, CA','(US) United States','http://qcn.stanford.edu/',''
RA,'Réseau Accélérométrique Permanent (French Accelerometrique Network)','Laboratoire de Geophysique Interne et Tectonophysique, University of Grenoble, Grenoble','(FR) France','http://www-rap.obs.ujf-grenoble.fr/',''
RB,'Red Sísmica de Banda Ancha (RESBAN)','Centro de Investigación Científica y de Educación Superior de Ensenada (CICESE), Ensenada','(MX) Mexico','http://sismologia.cicese.mx/Redes/Resban.html',''
RC,'Rick's College Network','Rick's College, Idaho - Network contact University of Utah','(US) United States','',''
RD,'CEA/DASE Seismic Network','Departement d'Analyse et Surveillance de l'Environnement du CEA','(FR) France','http://www-dase.cea.fr/public/dossiers_thematiques/alerte_aux_forts_seismes/description_en.html',''
RE,'US Bureau of Reclamation Seismic Networks','US Bureau of Reclamation, Denver Federal Center (Paradox Valley, W. Colorado; Jackson Lake, WY)','(US) United States','http://www.usbr.gov/pmts/tech_services/8330.html',''
RF,'Friuli Venezia Giulia Accelerommetric Network (RAF)','Department of Earth Sciences, University of Trieste','(IT) Italy','http://rtweb.units.it/index.php?option=com_content&view=article&id=28&Itemid=62',''
RI,'National Seismic Network of Argentina','Instituto Nacional de Prevención Sísmica (INPRES) - National Institute of Seismic Prevention, San Juan','(AR) Argentina','http://www.inpres.gov.ar/',''
RJ,'  Rede Sísmica e Geomagnética do Rio de Janeiro (RSGRJ) ','Observatório Nacional','(BR) Brazil','http://www.on.br/',''
RM,'Regional Integrated Multi-hazard Early Warning System (RIMES)','RIMES, Bangkok','(TH) Thailand','http://www.rimes.int/',''
RN,'RuhrNet','Seismological Observatory of the Ruhr-University Bochum','(DE) Germany','http://www.gmg.ruhr-uni-bochum.de/geophysik/seismology/research/',''
RO,'Romanian Seismic Network','National Institute for Earth Physics','(RO) Romania','http://infp.infp.ro/labs.php?id=3',''
RP,'Universidad de Panama Seismic Network','Instituto de Geociencias, Universidad de Panamá','(PA) Panama','http://www.geocienciaspanama.org/',''
RS,'Regional Seismic Test Network (RSTN)','United States Geological Survey (USGS) National Earthquake Information Center (NEIC)','(US) United States','',''
RT,'Kamchatka Tsunami Warning Seismic Network','Kamchatka Branch of Geophysical Survey of Russian Academy of Sciences','(RU) Russian Federation','http://www.emsd.ru/subsystem','Russian Federation'
RV,'Regional Alberta Seismic Observatory for Earthquake Studies Network','Alberta Geological Survey:','(CA) Canada','http://ags.gov.ab.ca/geohazards/earthquakes_project.html',''
RY,'Yakutian Branch of Russian Seismic Network','Yakutian Branch, Geological Survey, Siberian Branch, Russian Academy of Sciences','(RU) Russian Federation','',''
S,'Seismographs in Schools Network','This code can be used by Multiple Network Operators','(CH) Switzerland','http://www.iris.edu/hq/ssn/schools','Global'
SA,'Saudi Arabia Broadband Seismic Network','Institute for Astronomical and Geophysical Research, King Abdulaziz City for Science and Technology, Riyadh','(SA) Saudi Arabia','http://www.kacst.edu.sa/',''
SB,'UC Santa Barbara Engineering Seismology Network','Institute for Crustal Studies, UC Santa Barbara, CA','(US) United States','http://www.crustal.ucsb.edu/',''
SC,'New Mexico Tech Seismic Network','New Mexico Tech, Socorro, New Mexico','(US) United States','http://www.ees.nmt.edu/outside/Geop/NMTSO.html',''
SE,'Southeastern Appalachian Cooperative Seismic Network','Virginia Tech, Memphis State University, Tennessee Valley Authority, University of North Carolina','(US) United States','',''
SF,'San Andreas Fault Observatory at Depth (SAFOD)','EarthScope Project, Stanford University and USGS Menlo Park','(US) United States','http://www.earthscope.org/observatories/safod',''
SG,'Superconducting Gravimeter','Global Geodynamics Project, Information System and Data Center, Brussels','(BE) Belgium','http://www.eas.slu.edu/GGP/ggphome.html',''
SI,'Province Südtirol','Zentralanstalt für Meteorologie und Geodynamik (ZAMG) (temporary contact)','(AT) Austria','',''
SJ,'Serbian Seismological Network','Seismological Survey of Serbia, Belgrade','(RS) Serbia','http://www.seismo.gov.rs/',''
SK,'Slovak National Seismic Network','Geophysical Institute, Slovak Academy of Sciences','(SK) Slovakia','http://www.seismology.sk/National_Network/national_network_A.html',''
SL,'Slovenia Seismic Network','Slovenia Geological Survey, Ljubana','(SI) Slovenia','http://www.geo-zs.si/podrocje.aspx?id=0',''
SM,'Icelandic Strong-motion Network','Earthquake Engineering Research Centre, University of Iceland','(IS) Iceland','http://www.isesd.hi.is/',''
SN,'Southern Great Basin Network','Nevada Seismological Laboratory, University of Nevada, Reno, Nevada','(US) United States','',''
SP,'South Carolina Earth Physics Project','University of South Carolina, Columbia, SC','(US) United States','http://www.seis.sc.edu/scepp/',''
SR,'Seismic Research Observatory','USGS Albuquerque Seismological Laboratory','(US) United States','http://earthquake.usgs.gov/regional/asl/data/',''
SS,'SINGLE STATION','Generic network code for any network that wishes to produce data in SEED Format verion 2.3 or later. Care must be exercised to insure that the station name does not conflict with any other station','(US) United States','',''
ST,'Trentino Seismic Network','Provincia Autonoma di Trento (PAT), Trentino, Italy','(IT) Italy','http://www.protezionecivile.tn.it/','Italy'
SU,'Sandia Seismo-Acoustic Network','Sandia National Labs','(US) United States','',''
SV,'El Salvador Broadband Network (SNET-BB)','Servicio Nacional de Estudios Territoriales (SNET)','(SV) El Salvador','http://www.snet.gob.sv/ver/sismologia/',''
SX,'SXNET Saxon seismic network','University of Leipzig','(DE) Germany','http://www.uni-leipzig.de/~geo/',''
SY,'Synthetic Seismogram','Managed by IRIS DMC','(US) United States','',''
TA,'USArray Transportable Array ','EarthScope Project, IRIS','(US) United States','http://www.earthscope.org/observatories/usarray',''
TC,'Red Sismológica Nacional (RSN)','Universidad de Costa Rica (UCR) and Instituto Costarricense de Electricidad (ICE), San José','(CR) Costa Rica','http://www.rsn.ucr.ac.cr/index.php/en/',''
TD,'TransAlta Monitoring Network','Nanometrics Seismological Instruments','(CA) Canada','http://www.transalta.com/',''
TH,'Thüringer Seismisches Netz (TSN)','Institut fuer Geowissenschaften, Friedrich-Schiller-Universitaet Jena','(DE) Germany','http://www.geophysik.uni-jena.de/Einrichtungen+_+Labore/Thüringer+Seismisches+Netz_TSN.html',''
TI,'Centro Sismologico de America Central (CASC)','Universidad de Costa Rica, San Pedro','(CR) Costa Rica','http://www.lis.ucr.ac.cr/',''
TJ,'National Network of Tajikistan','Tajik Academy of Sciences, Dushanbee','(TJ) Tajikistan','http://www.ant.tj/index.htm',''
TK,'National Strong-Motion Network of Turkey (TR-NSMN)','Prime Ministry Disaster & Emergency Managment Presidency Earthquake Department (AFAD), Ankara','(TR) Turkey','http://kyh.deprem.gov.tr/',''
TL,'Armutlu Local seismic network','Kocaeli University','(TR) Turkey','http://www.kocaeli.edu.tr/yubam/','Turkey'
TM,'Thai Seismic Monitoring Network','Thailand Meteorological Department','(TH) Thailand','http://www.tmd.go.th/en/',''
TN,'Eastern Tennessee Seismic Network','Joint Institute for Energy and the Environment, Knoxville, TN','(US) United States','',''
TO,'Tectonic Observatory - MesoAmercian Subduction Experiment (MASE)','California Institute of Technology, CA','(US) United States','http://www.tectonics.caltech.edu/research/mase/','Mexico'
TR,'Eastern Caribbean Seismograph Network','Seismic Research Unit, University of the West Indies, West Indies','(TT) Trinidad and Tobago','http://www.uwiseismic.com/General.aspx?id=3','Eastern Caribbean'
TS,'TERRAscope','California Institute of Technology, CA','(US) United States','',''
TT,'Seismic Network of Tunisia','Institut National de la Météorologie, Tunis','(TN) Tunisia','http://www.meteo.tn/',''
TU,'National Seismic Network of Turkey (DDA)','Earthquake Research Department, Turkish Republic Disaster and Emergency Management Presedency (DEPREM), Ankara','(TR) Turkey','http://www.deprem.gov.tr/SarbisEng/Ist_Bilgi/ButunIst.aspx',''
TV,'INGV Experiments Network','Istituto Nazionale di Geofisica e Vulcanologia (INGV), Napoli','(IT) Italy','http://www.ingv.it/',''
TW,'Broadband Array in Taiwan for Seismology (BATS)','Academia Sinica, IES, Taipei','(TW) Taiwan, Province of China','http://bats.earth.sinica.edu.tw/',''
UA,'Caribbean Andesite Lava Island Precision Seismo-geodetic Observatory (CALIPSO)','University of Arkansas, Fayetteville, AR','(US) United States','','Montserrat'
UC,'Colima Seismic Network (RESCO)','Universidad de Colima, Colima','(MX) Mexico','http://www.ucol.mx/volcan/monitoreo.php',''
UE,'Seismological Network of United Arab Emirates','National Center of Meteorology and Seismology','(AE) United Arab Emirates','http://www.ncms.ae/english/',''
UG,'Unocal Geothermal Northern California Network','Unocal Corporation, Geothermal and Power Operations, Santa Rosa, CA','(US) United States','http://www.ncedc.org/geysers/',''
UH,'U. of Hawaii Infrasound Network','Infrasound Laboratory, HIGP, SOEST, University of Hawaii, Manoa, HI','(US) United States','http://www.isla.hawaii.edu/',''
UI,'North Idaho Seismic Network','University of Idaho','(US) United States','',''
UK,'UK Schools Seismic Network','SEIS-UK, University of Leicester, Leicester','(GB) United Kingdom','http://www.le.ac.uk/seis-uk/school_resources.html',''
UL,'USGS Low Frequency Geophysical Data Network','United States Geological Survey (USGS), Menlo Park, CA','(US) United States','http://quake.geo.berkeley.edu/ul/ul.overview.html',''
UO,'University of Oregon Regional Network','University of Oregon, Eugene, OR','(US) United States','',''
UP,'University of Uppsala Network','Geophysical Institute of the University of Uppsala, Uppsala','(SE) Sweden','',''
US,'US National Seismic Network','ANSS Backbone of the USGS/NEIC and USGS/ASL and Earthscope Project of IRIS','(US) United States','http://earthquake.usgs.gov/monitoring/anss/',''
UU,'University of Utah Regional Network','University of Utah, Salt Lake City, UT','(US) United States','http://www.seis.utah.edu/',''
UW,'Pacific Northwest Regional Seismic Network','University of Washington, Seattle, WA','(US) United States','http://www.pnsn.org/',''
UZ,'Uzbekistan Digital Seismic Network','Uzbekistan Institute of Seismology, Tashkent','(UZ) Uzbekistan','http://isas.uzsci.net/',''
VE,'Red Sismologica Nacional con Apertura Continental','Fundación Venezolana de Investigaciones Sismológicas (FUNVISIS), Caracas','(VE) Venezuela','http://www.funvisis.gob.ve/',''
VI,'SIL-Icelandic National Digital Seismograph Network','Icelandic Meteorological Office, Reykjavik','(IS) Iceland','http://en.vedur.is/earthquakes-and-volcanism/earthquakes/',''
VU,'Vanuatu Seismic Network','Vanuatu Geoscience Observatory, Port Vila','(VU) Vanuatu','http://www.geohazards.gov.vu/',''
WA,'West Central Argentina Network','Universidad Nacional de San Juan, San Juan','(AR) Argentina','',''
WB,'West Bohemia Local Seismic Network (WEBNET)','Institute of Geophysics, Czech Republic','(CZ) Czech Republic','http://www.ig.cas.cz/en/structure/observatories/west-bohemia-seismic-network-webnet/',''
WC,'Curacao Seismic Network','Meteorologische Dienst Curacao','(AN) Netherlands Antilles','http://www.meteo.an/','Curacao'
WI,'West Indies IPGP Network','IPGP, West Indies/IPGP, France','(FR) France','','West Indies'
WK,'Wake Island Hydrophone Array','University of Hawaii, HI','(US) United States','',''
WM,'Western Mediterranean Seismic Network','Real Instituto y Observatorio de la Armada (ROA), San Fernando and Universidad Complutense de Madrid (UCM), Madrid','(ES) Spain','',''
WR,'California Division of Water Resources','California Division of Water Resources, CA','(US) United States','',''
WS,'Seismic Network of Republika Srpska','Republicki Hidrometeorološki Zavod','(BA) Bosnia and Herzegovina','',''
WU,'The Southern Ontario Seismic Network','Western University, Ontario','(CA) Canada','http://www.gp.uwo.ca/docs/stationmap.html',''
WY,'Yellowstone Wyoming Seismic Network','University of Utah (formerly operated by the USGS Menlo Park)','(US) United States','http://www.seis.utah.edu/',''
